{
    "name": null,
    "input_variables": [
        "resume_text"
    ],
    "optional_variables": [],
    "output_parser": null,
    "partial_variables": {},
    "metadata": null,
    "tags": null,
    "template": "\nYou are an expert HR analyst. Given the following resume text, extract these exact fields in valid JSON format.\n\nResume:\n---\n{resume_text}\n---\n\nReturn a JSON object with these keys exactly:\n- name: string\n- email: string\n- mobile_number: string\n- years_experience: number (estimate if needed)\n- skills: array of strings (key technologies or proficiencies)\n- roles: array of strings (previous job titles)\n- location: string (city or country if found)\n\nStrictly return valid JSON. Do not include any explanation or extra text.\n",
    "template_format": "f-string",
    "validate_template": false,
    "_type": "prompt"
}